“Unity of Thorns” Tapestry,257402
Aldor Bookcase,258199
Aldor Stellar Consol,257093
Algari Fence,253164
Algari Fencepost,253165
Ancestral Signal Brazier,245601
Animated Sin’dorei Hammer,262459
Animated Sin’dorei Pick,262458
Arakkoa Decoy Scarecrow,258191
Arcan’dor Cutting Fountain,256680
Ardenweald Lamppost,258237
Argussian Circular Rug,251546
Aspirant’s Meditation Pool,257048
Bejeweled Sin’dorei Lyre,262471
Bejeweled Venthyr Chalice,257049
Beloved Elekk Plushie,258303
Beloved Raptor Plusie,258557
Blackrock Bunkbed,245432
Blackrock Lamppost,246413
Boralus Bottle Lamp,257046
Boralus-Style Lobster Platter,245484
Boulder Springs Hot Tub,252758
Brennadam Grinder,252397
Brill Coffin,245502
Brill Coffin Lid,245503
Brilliant Phoenix Harp,262469
Camp Narache Rug,257725
Caramel Mint Noodle Dish,246705
Chic Silvermoon Pillow,262593
Circular Shal’dorei Rug,247920
Covered Square Suramar Table,247916
Crystal Signpost,258197
Dalaran Auto-Hammer,258226
Dalaran Post,258204
Dalaran Sun Sconce,264710
Dark Iron Table Saw,246410
Darkmaster’s Mystical Brazier,263027
Deactivated Atomic Recalibrator,246604
Dornogal Bookcase,253022
Dornogal Framed Rug,252755
Dornogal Hanging Sconce,253039
Draconic Circular Rug,248121
Draconic Nesting Bed,248114
Draconic Scribe’s Basin,256170
Draenei Crystal Chandelier,262347
Draenei Crystal Forge,257039
Draenei Holo-Dais,257037
Draenei Holo-Path,257038
Draenei Holo-Projector Pedestal,258193
Draenei Smith’s Anvil,257036
Draenei Stargazer’s Telescope,251482
Draenei Transmitter,258196
Draenei Weaver’s Loom,258195
Draenethyst Sconce,251550
Draenethyst String Lights,251655
Draenic Basin,251495
Drake Kebab Platter,247222
Dwarven District Banner,246685
Elder Rise Rug,245556
Embossed Sin’dorei Fur Rug,262449
Ensorcelled Broom,262450
Entropic Illuminant,262355
Five Flights’ Grimoire,256171
Font of Gleaming Water,262455
Forgeground Market Bins,253167
Frostwall Architect’s Table,244314
Frostwall Forge,245600
Gilded Dalaran Banner,258206
Gilded Draenei Round Table,258198
Gilded Eversong Book,262597
Gilded Silvermoon Anvil,262451
Gilded Silvermoon Hanger,262457
Gilnean Cauldron,245517
Gilnean Green Potion,257694
Gilnean Map,257696
Gilnean Pitchfork,257042
Gilnean Postbox,257695
Gilnean Problem Solver,245602
Gilnean Rocking Chair,245623
Gilnean Wall Shelf,245622
Gilnean Wooden Table,245621
Glazed Sin’dorei Vial,264705
Gnomish Steam-Powered Bed,246700
Gnomish Tesla Mega-Coil,246486
Grand Drape of the Exiles,258202
Gundargaz Chandelabra,253253
Halaa Bench,258215
Hanging Paper Lanterns,247731
Harandar Signpost,253508
Haranir Canopy Bed,265791
Home Defense Gadget,264708
Homely Sin’dorei Shelf,262594
Hungry Human’s Platter,245428
Icecrown Plague Canister,258213
Intense Mogu Brazier,257097
Ironforge Chandelier,246488
Jade Temple Dragon Fountain,247736
Joybuzz’s Joyful Wall of Trains,264711
Kaheti Predator’s Assortment,245326
Karabor Bed,245421
Kharanos Bookcase,246420
Kirin Tor Crate,258209
Kirin Tor Glass Table,258211
Kirin Tor Sun Chandelier,258208
Kyrian Floating Lamp,262663
Lively Songwriter’s Quill,262616
Loch Modan Bearskin Rug,242948
Lorewalker’s Bookcase,247669
Lucky Traveler’s Bench,247735
Lush Telogrus Carper,262352
Luxurious Silvermoon Lounge Cushion,262591
Magnificent Towering Bookcase,263034
Mark of the Mages’ Eye,257094
Mechagon Miniature Artificial Sun,246500
Mushan Dumpling Stack,247220
Nerubian Alchemist’s Retort,257102
Nightborne Jeweler’s Table,247918
Nightspire Fountain,256681
Octagonal Ochre Window,245559
Opened Sin’dorei Scroll,262598
Orcish Banded Barrel,244317
Orcish Felblood Cauldron,257044
Orcish Sleeping Cot,244323
Outland Mag’har Banner,258190
Pandaren Alchemist’s Kit,258214
Pandaren Alchemist’s Retort,257043
Pandaren Fishing Net,258302
Pandaren Meander Rug,247738
Pandaren Signal Brazier,247661
Prndaren Stone Post,247728
Pandaren Stone Wall,245509
Pandaren Table Lamp,257096
Pandaren Wooden Table,245514
Plush Haranir Leather Pillow,264244
Plush Silvermoon Bed,262592
Pyrewood Glass Bottle,257404
Reconstructed Mogu Lightning Drill,258216
Red Dazar’alor Rug,243101
Ren’dorei Anvil,262460
Ren’dorei Crafting Framework,262617
Ren’dorei Lightpost,263049
Ren’dorei Stargazer,262465
Ren’dorei Void Projector,262618
Replica Awakening Machine Stasis Pod,253171
Replica Haranir Mural,262613
Replica Rumbling Wastes Drill Pod,253252
Resizable All-Purpose Gear,264707
Resplendent Highborne Statue,248965
Restful Bronze Bench,262790
Riftstone,262354
Rootbound Vat,253506
Rootflame Campfire,262590
Rusting Bolted Bench,245312
San’layn Blood Orb,258212
Scaled Twilight Mosaic,257806
Schmancy Goblin String Lights,246066
Self Pouring Thalassian Sunwine,246693
Shaded Suramar Window,245557
Shadow Council Torch,264706
Shadowforge Sconce,246111
Shal’dorei Open-Air Tent,248010
Shattrath Lamppost,258201
Shattrath Sconce,258200
Shining Sin’dorei Hourglass,262454
Shredderwheel Storage Chest,245323
Silver Dalaran Bench,258203
Silvermoon Curtains,262599
Silvermoon Spire Fountain,257420
Sintallow Candles,257051
Small Gilnean Windmill,257689
"Small Mask of Bwonsamdi, Loa of Graves",245496
Small Telogrus Lamp,262789
Smoke Lamp,257406
Smoke Sconce,249143
Snowfall Tribe Scare-Totem,257693
Square Pandaren Table,245513
Stampwhistle’s Postal Portal,257101
Starry Scrying Pool,257045
Stitched Haranir Rug,262600
Stoppered Black Potion,257041
Stormsong Stove,252399
Strnglekelp Sack,264709
Sturdy Ren’dorei Cask,262612
Sunsmoke Censer,256356
Suramar Containment Cell,247923
Suramar Fence,247922
Suramar Fencepost,247909
Suramar Jeweler’s Assortment,258227
Surwich Expedition Tent,245618
Talon King’s Totem,258192
Tapestry of the Five Flights,257053
Tauren Leather Fence,245406
Tauren Soup Pot,245408
Tempest Keep Cryo-Pod,258194
Thaldraszus Telescope,248113
Thunder Bluff Totem,258289
Tirisfal Hollow Campfire,253250
Titanic Tyrhold Fountain,258253
Twilight Fire Canister,257095
Undermine Bean Bag Chair,245305
Valdrakken Blossomfruit Platter,247224
Valdrakken Fence,248109
Valdrakken Fencepost,248110
Valdrakken Garden Fountain,248112
Valdrakken Gilded Throne,248654
Valdrakken Hanging Cauldron,256430
Valdrakken Market Tent,248657
Valdrakken Oven,256169
Veil-Secured Animacone,257050
Venthyr Anima Bottle,257098
Verdant Valdrakken Vase,248111
Voidstrider Saddlebag,262611
Wel-Lit Incontinental Couch,239214
Wine Barrel,244318
Wingrest Signal Brazier,256427
Wise Pandaren’s Bed,247767
Wolvar Postbag,258205
Wooden Ironforge Table,246423
Zanchuli Tapestry,245418
Zandalari Bottle Shipment,257047
Zandalari Ritual Drum,245412
Zandalari Skullfire Lamp,245414
Zhevra-Stripe Rug,243327
